{"cameraMode":{"drawMode":0,"name":"Shaded","section":"Shading Mode"},"sceneLighting":false,"audioPlay":false,"sceneViewState":{"showFog":true,"showMaterialUpdate":false,"showSkybox":false,"showFlares":true,"showImageEffects":true,"showParticleSystems":true},"in2DMode":false,"pivot":{"x":1.5355501174926758,"y":1.6982855796813965,"z":-1.313789963722229},"rotation":{"x":0.41929545998573305,"y":-0.028589552268385888,"z":0.013212155550718308,"w":0.907304048538208},"size":15.147293090820313,"orthographic":true}