{"cameraMode":{"drawMode":0,"name":"Shaded","section":"Shading Mode"},"sceneLighting":false,"audioPlay":false,"sceneViewState":{"showFog":true,"showMaterialUpdate":true,"showSkybox":false,"showFlares":true,"showImageEffects":true,"showParticleSystems":true},"in2DMode":false,"pivot":{"x":-0.000003814697265625,"y":2.059999942779541,"z":-29.571218490600587},"rotation":{"x":0.22069092094898225,"y":-0.6728693246841431,"z":0.22148971259593965,"w":0.6704440712928772},"size":14.453571319580079,"orthographic":false}