{"cameraMode":{"drawMode":0,"name":"Shaded","section":"Shading Mode"},"sceneLighting":true,"audioPlay":false,"sceneViewState":{"showFog":true,"showMaterialUpdate":true,"showSkybox":false,"showFlares":true,"showImageEffects":true,"showParticleSystems":true},"in2DMode":false,"pivot":{"x":-1.5270309448242188,"y":3.962630033493042,"z":-1.0743942260742188},"rotation":{"x":0.22069092094898225,"y":-0.6728693246841431,"z":0.22148971259593965,"w":0.6704440712928772},"size":4.766025543212891,"orthographic":false}